link,title,url
https://downloadlynet.ir/2024/03/113706/01/power-bi-masterclass-8-python-finance-and-advanced-dax/14/?#/113706-udemy-042408072531.html,"Udemy – Power BI Masterclass 8 – Python, Finance, and advanced DAX 2023-1 – Downloadly",https://www.udemy.com/course/power-bi-masterclass-8-python-finance-and-advanced-dax/
https://downloadlynet.ir/2023/10/108484/11/become-a-data-analyst-etl-sql-power-bi-pythonr/13/?#/108484-udemy-042408073231.html,"Udemy – Become a Data Analyst – (ETL, SQL, Power BI, Python,R ) 2023-5 – Downloadly",https://www.udemy.com/course/become-a-data-analyst-etl-sql-power-bi-pythonr/
https://downloadlynet.ir/2023/19/100530/07/become-a-data-analyst-python-excel-sql-power-bi/17/?#/100530-udemy-042408073331.html,"Udemy – Become a Data Analyst – (Python, Excel, SQL, Power BI ) 2022-5 – Downloadly",https://www.udemy.com/course/become-a-data-analyst-python-excel-sql-power-bi/
https://downloadlynet.ir/2022/12/84707/09/data-analysts-toolbox-excel-python-power-bi-pivottables/14/?#/84707-udemy-042408073631.html,"Udemy – Data Analysts Toolbox: Excel, Python, Power BI, PivotTables 2022-1 – Downloadly",https://www.udemy.com/course/data-analysts-toolbox-excel-python-power-bi/
https://downloadlynet.ir/2024/23/129779/06/power-bi-data-visualization-essentials-with-power-bi/23/?#/129779-udemy-042410071531.html,Udemy – Power BI – Data Visualization Essentials with Power BI 2022-12 – Downloadly,https://www.udemy.com/course/power-bi-data-visualization-essentials-with-power-bi/
https://downloadlynet.ir/2024/30/133478/07/microsoft-power-bi-the-complete-masterclass/15/?#/133478-udemy-042411072831.html,Udemy – Microsoft Power BI – The Complete Masterclass 2022-10 – Downloadly,https://www.udemy.com/course/microsoft-power-bi-course/?couponCode=LETSLEARNNOWPP
https://downloadlynet.ir/2024/13/131566/07/power-bi-power-query-and-dax-skills-test/18/?#/131566-udemy-042411073631.html,"Udemy – Power BI , Power Query and DAX Skills Test 2024-6 – Downloadly",https://www.udemy.com/course/power-bi-power-query-and-dax-skills-test/?couponCode=LETSLEARNNOW
https://downloadlynet.ir/2024/13/131502/07/chatgpt-and-power-bi/11/?#/131502-linkedin-042411073831.html,LinkedIn – ChatGPT and Power BI 2024-6 – Downloadly,https://www.linkedin.com/learning/chatgpt-and-power-bi?trk=learning-serp_learning-search-card_search-card&upsellOrderOrigin=default_guest_learning
https://downloadlynet.ir/2024/11/131276/07/from-excel-to-power-bi-2/18/?#/131276-udemy-042411074431.html,Udemy – From Excel to Power BI 2024-4 – Downloadly,https://www.udemy.com/course/from-excel-to-power-bi/?couponCode=ST9MT71624
https://downloadlynet.ir/2024/24/129810/06/power-bi-beginner-to-advance-with-data-analysis-masterclass/06/?#/129810-udemy-042411074431.html,Udemy – Power BI Beginner to Advance with Data Analysis Masterclass 2024-6 – Downloadly,https://www.udemy.com/course/power-bi-masterclass/?couponCode=LETSLEARNNOW
https://downloadlynet.ir/2024/24/129807/06/power-bi-essentials-from-data-to-dashboard/06/?#/129807-udemy-042411074431.html,Udemy – Power BI Essentials: From Data to Dashboard (2024) 2024-4 – Downloadly,https://www.udemy.com/course/learn-power-bi-fundamentals/?couponCode=LETSLEARNNOW
https://downloadlynet.ir/2024/24/129804/06/power-bi-mastery-zero-to-hero-data-skills/06/?#/129804-udemy-042411074431.html,Udemy – Power BI Mastery: Zero to Hero Data Skills 2024-5 – Downloadly,https://www.udemy.com/course/power-bi-mastery-zero-to-hero-data-visualization-skills/?couponCode=LETSLEARNNOW
https://downloadlynet.ir/2024/23/129782/06/power-bi-master-class-data-models-and-dax-formulas/23/?#/129782-udemy-042411074431.html,Udemy – Power BI Master Class-Data Models and DAX Formulas 2022-3 – Downloadly,https://www.udemy.com/course/power-bi-master-class-data-modelling-and-dax-formulas/
https://downloadlynet.ir/2024/23/129779/06/power-bi-data-visualization-essentials-with-power-bi/23/?#/129779-udemy-042411074431.html,Udemy – Power BI – Data Visualization Essentials with Power BI 2022-12 – Downloadly,https://www.udemy.com/course/power-bi-data-visualization-essentials-with-power-bi/
https://downloadlynet.ir/2024/22/129640/06/power-bi-data-analytics-essentials-with-power-bi/21/?#/129640-udemy-042411074431.html,Udemy – Power BI – Data Analytics Essentials with Power BI 2019-12 – Downloadly,https://www.udemy.com/course/data-analytics-essentials-with-power-bi
https://downloadlynet.ir/2024/22/129620/06/power-bi-master-microsoft-power-bi-basic-to-advanced/13/?#/129620-udemy-042411074531.html,Udemy – POWER BI: Master Microsoft Power Bi (Basic to Advanced) 2024-6 – Downloadly,https://www.udemy.com/course/power-bi-microsoft-power-bi-powerbi/?couponCode=LETSLEARNNOWPP
https://downloadlynet.ir/2024/17/129165/06/power-bi-for-construction-projects-your-first-dashboard/20/?#/129165-udemy-042411075631.html,Udemy – Power BI for Construction Projects: Your first dashboard 2023-9 – Downloadly,https://www.udemy.com/course/power-bi-for-construction-projects/
https://downloadlynet.ir/2024/17/129162/06/microsoft-power-bi-for-construction-management/20/?#/129162-udemy-042411075631.html,Udemy – Microsoft Power BI for Construction Management 2024-2 – Downloadly,https://www.udemy.com/course/microsoft-power-bi-for-construction-management/
https://downloadlynet.ir/2024/18/126591/05/microsoft-power-bi-tutorial-2024-beginners-professional/22/?#/126591-udemy-042411075631.html,Udemy – Microsoft Power BI Tutorial 2024 – Beginners / Professional 2024-4 – Downloadly,https://www.udemy.com/course/microsoft-power-bi-tutorial-2024-beginners-professional/
https://downloadlynet.ir/2024/16/126433/05/microsoft-power-bi-for-financial-reporting/19/?#/126433-udemy-042411075631.html,Udemy – Microsoft Power BI for Financial Reporting 2021-9 – Downloadly,https://www.udemy.com/course/financial-reporting-power-bi/?couponCode=LEADERSALE24B
https://downloadlynet.ir/2024/16/126430/05/power-bi-financial-reporting-financial-analysis-a-to-z/18/?#/126430-udemy-042411075631.html,Udemy – Power BI Financial Reporting & Financial Analysis: A to Z 2022-6 – Downloadly,https://www.udemy.com/course/power-bi-for-financial-reporting-and-financial-analysis/?couponCode=LEADERSALE24B
https://downloadlynet.ir/2024/29/124923/04/power-bi-a-beginners-guide-to-visualization-and-analysis/10/?#/124923-udemy-042411075631.html,Udemy – Power BI: A Beginner’s Guide to Visualization and Analysis 2023-8 – Downloadly,https://www.udemy.com/course/power-bi-a-beginners-guide-to-visualization-and-analysis/?couponCode=LETSLEARNNOW
https://downloadlynet.ir/2024/27/124843/04/learn-microsoft-power-bi-in-microsoft-fabric-2-in-1-course/23/?#/124843-udemy-042411075631.html,Udemy – Learn Microsoft Power BI in Microsoft Fabric – 2 in 1 Course 2023-9 – Downloadly,https://www.udemy.com/course/learn-microsoft-power-bi-in-microsoft-fabric-2-in-1-course/
https://downloadlynet.ir/2024/26/124760/04/power-bi-and-bim-analysis-and-visualization/20/?#/124760-linkedin-042411075631.html,LinkedIn – Power BI and BIM: Analysis and Visualization 2021-11 – Downloadly,https://www.linkedin.com/learning/power-bi-and-bim-analysis-and-visualization
https://downloadlynet.ir/2024/30/122051/03/power-bi-bootcamp-zero-to-hero-just-5-hours/16/?#/122051-udemy-042411075631.html,Udemy – Power BI Bootcamp ( Zero to Hero) – Just 5 Hours 2023-5 – Downloadly,https://www.udemy.com/course/power-bi-bootcamp-zero-to-hero-just-5-hours/?couponCode=LETSLEARNNOWPP
https://downloadlynet.ir/2021/16/47999/08/power-bi-dashboard-design-video-course/15/?#/47999-sqlbi-042416072831.html,SQLBI – Power BI Dashboard Design Video Course 2020-4 – Downloadly,https://www.udemy.com/course/power-bi-bootcamp-zero-to-hero-just-5-hours/?couponCode=LETSLEARNNOWPP
https://downloadlynet.ir/2020/20/7598/03/microsoft-power-bi-a-complete-introduction/00/,Udemy – Microsoft Power BI – The Practical Guide 2024 2022-4 – Downloadly,https://www.udemy.com/course/power-bi-bootcamp-zero-to-hero-just-5-hours/?couponCode=LETSLEARNNOWPP
https://downloadlynet.ir/2020/15/5684/03/microsoft-power-bi-up-running-with-power-bi-desktop/21/,Udemy – Microsoft Power BI Desktop for Business Intelligence (2023) 2023-7 – Downloadly,https://www.udemy.com/course/microsoft-power-bi-up-running-with-power-bi-desktop/
https://downloadlynet.ir/2020/12/2101/02/power-bi-report-server/03/?#/2101-microsof-042416072831.html,Microsoft Power BI Report Server May 2024 v15.0.1115.206 – Downloadly,https://www.udemy.com/course/microsoft-power-bi-up-running-with-power-bi-desktop/
https://downloadlynet.ir/2023/19/100530/07/become-a-data-analyst-python-excel-sql-power-bi/17/?#/100530-udemy-042414072131.html,"Udemy – Become a Data Analyst – (Python, Excel, SQL, Power BI ) 2022-5 – Downloadly",https://www.udemy.com/course/become-a-data-analyst-python-excel-sql-power-bi/
https://downloadlynet.ir/2023/20/99087/06/power-bi-business-scenarios-with-hands-on-use-cases/21/?#/99087-udemy-042414072531.html,Udemy – Power BI Business Scenarios with Hands on Use Cases 2020-8 – Downloadly,https://www.udemy.com/course/advanced-microsoft-power-bi-business-scenarios/
https://downloadlynet.ir/2023/18/98974/06/power-pivoting-microsoft-power-bi-for-career-changers/22/?#/98974-udemy-042414072531.html,Udemy – Power Pivoting: Microsoft Power BI for Career Changers 2023-4 – Downloadly,https://www.udemy.com/course/power-pivoting-microsoft-power-bi-for-career-changers/
https://downloadlynet.ir/2023/18/98971/06/power-bi-business-intelligence-for-beginners-to-advance/22/?#/98971-udemy-042414072531.html,Udemy – Power BI – Business Intelligence for Beginners to Advance 2020-7 – Downloadly,https://www.udemy.com/course/business-data-analysis-using-microsoft-power-bi/
https://downloadlynet.ir/2023/15/96924/05/primavera-power-bi-integration-interactive-dashboards/22/?#/96924-udemy-042414072531.html,Udemy – Primavera & Power BI Integration | Interactive Dashboards 2021-7 – Downloadly,https://www.udemy.com/course/primavera-power-bi-integration-interactive-dashboards/
https://downloadlynet.ir/2023/10/96597/05/power-bi-dax-masterclass-measures-calculated-columns/18/?#/96597-udemy-042414072531.html,Udemy – Power BI DAX Masterclass – Measures & Calculated Columns 2022-12 – Downloadly,https://www.udemy.com/course/power-bi-dax/
https://downloadlynet.ir/2023/07/94903/04/the-complete-power-bi-practical-course-2023/20/?#/94903-udemy-042414073231.html,Udemy – The Complete Power BI Practical Course 2023 2022-6 – Downloadly,https://www.udemy.com/course/the-complete-power-bi-practical-course/
https://downloadlynet.ir/2023/05/94766/04/power-bi-bootcamp-zero-to-mastery/12/?#/94766-zerotoma-042414073231.html,ZeroToMastery – Power BI Bootcamp: Zero to Mastery 2023-6 – Downloadly,https://www.zerotomastery.io/courses/learn-power-bi-bootcamp/#Curriculum
https://downloadlynet.ir/2023/08/93105/03/power-bi-data-analytics-course-and-dashboards-creation-2023/21/?#/93105-udemy-042414073231.html,Udemy – POWER BI data Analytics Course and DASHBOARDS creation 2023 2022-4 – Downloadly,https://www.udemy.com/course/power-bi-data-analytics-course-and-dashboards-creation-2022/
https://downloadlynet.ir/2023/03/92797/03/power-bi-bootcamp-build-real-world-power-bi-projects/09/?#/92797-udemy-042414073231.html,Udemy – Power BI Bootcamp: Build Real World Power BI Projects 2021-8 – Downloadly,https://www.udemy.com/course/build-microsoft-power-bi-projects/
https://downloadlynet.ir/2023/12/91765/02/microsoft-power-bi-up-running-with-power-bi-service/15/?#/91765-udemy-042414075531.html,Udemy – Microsoft Power BI – Up & Running With Power BI Service 2024 2024-6 – Downloadly,https://www.udemy.com/course/power-bi-service/
https://downloadlynet.ir/2023/30/91036/01/microsoft-power-bi-certification-da-100-pl-300-exam-prep/01/,Udemy – Microsoft Power BI Certification: DA-100 | PL-300 Exam Prep 2022-5 – Downloadly,https://www.udemy.com/course/microsoft-power-bi-certification-da-100-exam-prep/
https://downloadlynet.ir/2022/19/88725/12/microsoft-power-bi-for-project-planning-and-control/19/,Udemy – Microsoft Power BI for Project Planning and Control 2022-4 – Downloadly,https://www.udemy.com/course/ms-bi-pcg-eng/
https://downloadlynet.ir/2022/13/85676/10/power-bi-master-power-bi-with-40-hours-of-premium-content/02/,Udemy – Complete Microsoft Power Bi Master Class – 2022 Expert Guide 2021-12 – Downloadly,https://www.udemy.com/course/learn-data-analysis-visualization-with-microsoft-power-bi/
https://downloadlynet.ir/2022/12/85660/10/pl-300-certification-microsoft-power-bi-data-analyst-da-100/19/,Udemy – PL-300 certification: Microsoft Power BI Data Analyst 2023-7 – Downloadly,https://www.udemy.com/course/70-778-analyzing-and-visualizing-data-with-power-bi/
https://downloadlynet.ir/2022/12/85657/10/15-days-of-power-bi-complete-microsoft-power-bi-bootcamp/19/,Udemy – 15 days of Power BI – Complete Microsoft Power BI Bootcamp 2023-4 – Downloadly,https://www.udemy.com/course/15-days-of-power-bi/
https://downloadlynet.ir/2022/05/85417/10/advanced-dax-for-microsoft-power-bi-desktop/20/,Udemy – Advanced DAX for Microsoft Power BI Desktop 2022-8 – Downloadly,https://www.udemy.com/course/advanced-dax-for-power-bi/
https://downloadlynet.ir/2022/05/85371/10/complete-power-bi-bootcamp-go-from-zero-to-hero/09/,Udemy – Complete Power BI Bootcamp: Go from Zero to Hero 2022-8 – Downloadly,https://www.udemy.com/course/complete-power-bi-bootcamp/
https://downloadlynet.ir/2022/12/84707/09/data-analysts-toolbox-excel-python-power-bi-pivottables/14/,"Udemy – Data Analysts Toolbox: Excel, Python, Power BI, PivotTables 2022-1 – Downloadly",https://www.udemy.com/course/data-analysts-toolbox-excel-python-power-bi/
https://downloadlynet.ir/2021/23/51287/09/da-100-certification-analyzing-data-with-microsoft-power-bi/14/,Udemy – DA-100 certification: Analyzing Data with Microsoft Power BI 2021-9 – Downloadly,https://www.udemy.com/course/data-analysts-toolbox-excel-python-power-bi/
https://downloadlynet.ir/2024/19/121310/03/microsoft-power-bi-data-modeling-data-manipulation/20/?#/121310-udemy-042412073931.html,Udemy – Microsoft Power BI – Data Modeling & Data Manipulation 2023-1 – Downloadly,https://www.udemy.com/course/microsoft-power-bi-essentials/
https://downloadlynet.ir/2024/14/120672/03/microsoft-power-bi-portfolio-in-a-day/19/?#/120672-udemy-042412074131.html,Udemy – Microsoft Power BI Portfolio in a Day 2024-1 – Downloadly,https://www.udemy.com/course/microsoft-power-bi-portfolio-in-a-day/
https://downloadlynet.ir/2024/13/120534/03/advanced-sql-and-power-bi-for-data-analyst-and-bi-developer/13/?#/120534-udemy-042412074131.html,Udemy – Advanced SQL and Power BI for Data Analyst and BI Developer 2024-2 – Downloadly,https://www.udemy.com/course/excel-sql-and-power-bi-for-data-analyst-and-bi-developer/?couponCode=ST15MT31224
https://downloadlynet.ir/2024/15/117665/02/microsoft-power-bi-a-complete-guide-2023-edition/14/?#/117665-udemy-042412074431.html,Udemy – Microsoft Power BI: A Complete Guide [2023 Edition] 2023-3 – Downloadly,https://www.udemy.com/course/microsoft-power-bi-complete-guide-2022-edition/
https://downloadlynet.ir/2024/27/115957/01/from-excel-to-power-bi/23/?#/115957-coursera-042412074531.html,Coursera – From Excel to Power BI 2024-1 – Downloadly,https://www.coursera.org/learn/from-excel-to-power-bi
https://downloadlynet.ir/2024/06/113932/01/master-power-bi-30-hands-on-projects-for-data-visualization/13/?#/113932-udemy-042412075131.html,Udemy – Master Power BI: 30 Hands-On Projects for Data Visualization 2024-5 – Downloadly,https://www.udemy.com/course/cpp-c-programming-algorithms-data-structures-masterclass/
https://downloadlynet.ir/2024/03/113706/01/power-bi-masterclass-8-python-finance-and-advanced-dax/14/?#/113706-udemy-042412075131.html,"Udemy – Power BI Masterclass 8 – Python, Finance, and advanced DAX 2023-1 – Downloadly",https://www.udemy.com/course/power-bi-masterclass-8-python-finance-and-advanced-dax/
https://downloadlynet.ir/2023/28/113228/12/microsoft-power-bi-the-art-of-designing-incredible-tools/22/?#/113228-udemy-042412075131.html,Udemy – Microsoft Power BI: The Art of Designing Incredible Tools 2022-5 – Downloadly,https://www.udemy.com/course/microsoft-power-bi-the-art-of-designing-incredible-tools/
https://downloadlynet.ir/2023/28/113225/12/mastering-dax-calculations-in-microsoft-power-bi/22/?#/113225-udemy-042412075531.html,Udemy – Mastering DAX Calculations in Microsoft Power BI 2021-8 – Downloadly,https://www.udemy.com/course/mastering-dax-calculations/
https://downloadlynet.ir/2023/28/110040/11/data-analysts-toolbox-excel-sql-power-bi/00/?#/110040-udemy-042412075731.html,"Udemy – Data Analyst’s Toolbox: Excel, SQL, Power BI 2020-7 – Downloadly",https://www.udemy.com/course/data-analysts-toolbox-excel-to-mysql-am/
https://downloadlynet.ir/2023/15/109021/11/data-analyst-in-power-bi/22/?#/109021-datacamp-042413072731.html,Datacamp – Data Analyst in Power BI 2023-11 – Downloadly,https://www.datacamp.com/tracks/data-analyst-in-power-bi
https://downloadlynet.ir/2023/11/108655/11/data-analysis-sqltableaupower-bi-excel-real-projects/21/?#/108655-udemy-042413072731.html,"Udemy – Data Analysis | SQL,Tableau,Power BI & Excel | Real Projects 2023-06 – Downloadly",https://www.udemy.com/course/data-analysis-projects-using-sql-power-bi-tableau-excel/
https://downloadlynet.ir/2023/10/108484/11/become-a-data-analyst-etl-sql-power-bi-pythonr/13/,"Udemy – Become a Data Analyst – (ETL, SQL, Power BI, Python,R ) 2023-5 – Downloadly",https://www.udemy.com/course/become-a-data-analyst-etl-sql-power-bi-pythonr/
https://downloadlynet.ir/2023/08/108293/11/exam-da-100-analyzing-data-with-microsoft-power-bi-video/01/,Oreilly – Exam DA-100 Analyzing Data with Microsoft Power BI (Video) 2021-8 – Downloadly,https://www.udemy.com/course/become-a-data-analyst-etl-sql-power-bi-pythonr/
https://downloadlynet.ir/2023/10/106477/10/power-bi-masterclass-beginners-to-advanced/22/,Udemy – Power BI Masterclass – beginners to advanced 2022-2 – Downloadly,https://www.udemy.com/course/power-bi-masterclass-beginners-to-advanced
https://downloadlynet.ir/2023/23/105408/09/microsoft-power-bi-data-analyst-professional-certificate/00/,Coursera – Microsoft Power BI Data Analyst Professional Certificate 2023-12 – Downloadly,https://www.coursera.org/professional-certificates/microsoft-power-bi-data-analyst#outcomes
https://downloadlynet.ir/2023/10/102073/08/microsoft-power-bi-desktop-and-dax-plus-dashboard-creation/16/,Udemy – Microsoft Power BI Desktop and DAX plus Dashboard creation 2023-5 – Downloadly,https://www.udemy.com/course/microsoft-power-bi-desktop-and-dax-plus-dashboard-creation/
https://downloadlynet.ir/2023/10/102060/08/build-this-modern-ux-ui-designed-power-bi-desktop-report/14/,Udemy – Build this Modern UX/UI Designed Power BI Desktop Report 2023-6 – Downloadly,https://www.udemy.com/course/modern-powerbi-report-build/
https://downloadlynet.ir/2023/07/101859/08/microsoft-power-bi-desktop-for-business-intelligence-pl300/01/,Udemy – Microsoft POWER BI Desktop for Business Intelligence & PL300 2023-7 – Downloadly,https://www.udemy.com/course/microsoft-power-bi-desktop-for-business-intelligence-pl300/
